date,turnover,longside_return,shortside_return
20180205,0.0,-0.006480263940191398,0.0005141208677363546
20180206,0.3932682259291359,-0.043690712908296944,0.032349492375095476
20180207,0.30766433279765437,0.007466865247154846,0.0037108633688526346
20180208,0.4351163938186282,0.013119296192749442,0.0011633194750237741
20180209,0.24881670365043967,-0.014914545842607858,0.02212305450145659
20180212,0.20766704517370305,0.017077517576626473,-0.012776927437397603
20180213,0.3261432203492478,-0.0001423667390303502,-0.0007978232930216562
20180214,0.22427457652013782,0.0008371454325374047,-0.00015483282956141935
20180222,0.2111805246970277,0.012286840007389726,-0.010220749020405626
20180223,0.32366556245309475,0.004775133322177652,-0.0006147624129163547
20180226,0.2782130814705014,0.019194134979917225,-0.015084992653607753
20180227,0.31707173224941093,0.005677338313365253,0.000848176916536014
20180228,0.35284053494027734,0.0006713192545203508,-0.0016272559620158934
20180301,0.3476011955846913,0.012594387630535183,-0.0108128694824132
20180302,0.35203467082275897,-0.002453786482931933,0.006248451045144234
20180305,0.38446082832591144,0.004740076441850312,-0.007829216323796349
20180306,0.4046055065767987,0.009853815131658098,-0.004800528590865149
20180307,0.3947688292955849,-0.0028313597642993828,0.004021501930689344
20180308,0.38799588401533336,0.010392092579184572,-0.0025648589211605295
20180309,0.4685897486199383,0.016130862835623545,-0.01601065916774622
20180312,0.4918176670299732,0.016090123125404702,-0.015149280353084488
20180313,0.89186255638485,-0.0006861380162729577,0.013915138315975012
20180314,0.8903041884753871,-0.007164715727366814,0.013697401559647797
20180315,0.6471363025769068,-0.0059961167890523435,0.004519452643924409
20180316,0.5406140169674171,-0.002401179261916499,0.00033684692668550233
20180319,0.7408357355093971,-0.0012024753058997005,-0.005515869711876641
20180320,0.4121646929238683,0.0011064976088258401,-0.0019243512122018524
20180321,0.3960178169852593,-0.001860849878301368,0.007473319448216319
20180322,0.5549455145744078,-0.0006009337444700829,0.000168331773118067
20180323,0.4324096137304677,-0.033353094267949634,0.043452610951282326
20180326,0.44683656466320976,0.004619372621148577,-0.01787420948353928
20180327,0.9533362606722482,0.02207779254236716,-0.03618509703040427
20180328,0.5832698395038383,-0.008597430861925338,0.014639636827209179
20180329,0.5047877217351794,0.016440010109645294,-1.5248981403004203e-05
20180330,0.5571724788099245,0.006978534120763624,-0.028108684489253653
20180402,0.5634444574079112,0.002473492145058734,-0.008099746473588862
20180403,0.526384026965414,-0.010631636381368862,0.01039565939088676
20180404,0.5274149820646045,-0.0022993620247763356,0.012068050538654918
20180409,0.5745645426705351,-0.00012546127824705533,-0.005498741484967538
20180410,0.6308505475751092,0.010440711815857916,0.006288896135379092
20180411,0.5965397990154911,0.007164837107079692,-0.00718310910010872
20180412,0.6446052652174566,-0.007050220286249649,0.008653480617888088
20180413,0.5596917755477893,-0.0015230869792462122,0.011600625170852738
20180416,0.6188681565763163,-0.01230191437767056,-0.00413957810227522
20180417,0.5863706630928605,-0.018685003923960615,0.03092972456059704
20180418,0.6173871159445405,0.00756044344773777,-0.016253444146863496
20180419,0.5610917612628823,0.00714036483836741,0.0012664420143968422
20180420,0.6351789237708328,-0.023100036670537633,0.028612536873083957
20180423,0.5234388598851788,-0.0052952235148454865,0.019151901198321032
20180424,0.6122156337726987,0.019287174553445013,-0.028847648618980485
20180425,0.5839788112259829,0.003192703988951508,-0.006163267381713984
20180426,0.5867556146574937,-0.023164013179972777,0.01844056572302879
20180427,0.5366522609313413,0.002624969759039168,0.0071136684220459755
20180502,0.7379176287118958,-0.0035386558328084077,0.012279446215834109
20180503,0.6696933194692308,0.011965664682882802,-0.017206840651503554
20180504,0.7561124452785934,-0.0016265844749843072,0.0042609725547212325
20180507,0.5848433794126193,0.017792429664748255,-0.027710880982726237
20180508,0.5679731311347421,0.011486843806372342,-0.004399022667858685
20180509,0.48734807484179987,0.0016444925142985753,0.0016163451969276247
20180510,0.5809840050316502,0.007361491962754515,-0.006557497774662981
20180511,0.5797521421663927,-0.01083907560959491,0.021289706047184227
20180514,0.6307776452777655,-0.011003913987269857,0.00895061319398754
20180515,0.7126415313975989,0.012318658374574878,-0.016220793626817435
20180516,0.6761918839078638,-0.003910959306899541,0.0036594456176979274
20180517,0.5443671075784926,-0.002986331201725738,0.006120576117981341
20180518,0.5937224046337088,0.006887702542221097,-0.0007087396050189917
20180521,0.5722276701149049,0.017148659156968227,-0.012066367082562621
20180522,0.700092667985494,0.004846757022533233,-0.00735140738261644
20180523,0.7152013185242974,-0.009783204849716615,0.013757593519537148
20180524,0.5976753325848432,-0.004038864867266589,0.0019275133796428144
20180525,0.598165331895181,-0.012825658277140405,0.00879854507239383
20180528,0.6341722608391797,-0.014623298693934451,0.005746497769215852
20180529,0.6483810938150829,-0.007655479863694394,0.021740232790916438
20180530,0.6241664217607351,-0.04238443330909257,0.03858685918925668
20180531,0.6557511429298016,0.011670893525879328,-0.027298789856857724
20180601,0.66710429483603,-0.007724668557557723,0.020455829039039197
20180604,0.565798071746225,-0.0019743182959502683,0.0069770486842354665
20180605,0.6830163059395503,0.016890662458006817,-0.020107864218622918
20180606,0.5607004972166605,0.0018948368081520364,-0.002594619302036248
20180607,0.502450443003637,-0.009164421966376061,0.012157824109023415
20180608,0.4807030238838669,-0.01176317051405619,0.008823943767141535
20180611,0.4807885056107845,-0.007462129243241767,0.009702122017804444
20180612,0.4414495034059305,0.006820534224054477,-0.006556046832190989
20180613,0.4417750413064421,-0.01730837754229463,0.015009947004478085
20180614,0.4815454591938656,-0.0034293222752002513,0.007552021902311914
20180615,0.45987368832574765,-0.022713155713507262,0.021731348370234386
20180619,0.4189960206393569,-0.056712254030888226,0.047266058210997594
20180620,0.4391631919185101,0.007738369360977433,-0.009413995230653215
20180621,0.5070195634228513,-0.014360543962557136,0.01121727025157622
20180622,0.24662975978895055,0.010586706408160604,-0.00631299371440139
20180625,0.26421317356115936,-0.00019978127890105823,0.0015934831434459816
20180626,0.1646955405516567,0.008155938688503462,-0.00037892664786152037
20180627,0.18155927261391896,-0.0012150318699445737,0.006786557615087206
20180628,0.20050251572091593,-0.005740136741574673,0.006807329034331081
20180629,0.22759614841283476,0.015358811761438145,-0.013629528324819213
20180702,0.2609106981382926,-0.003714593548525097,0.006178668404018048
20180703,0.3220302250684769,0.011043308349345598,-0.005579486018347745
20180704,0.39657010336343335,-0.011244380207820114,0.013608902301782723
20180705,0.32528685203429064,-0.017718910779395837,0.017296524921338412
20180706,0.3222992571978456,0.0024164604510143557,-0.0009639945677405069
20180709,0.34373372921886114,0.010245083088965028,-0.011233601456900373
20180710,0.2379954946808223,0.004850981397030114,-0.003825514492733619
20180711,0.23441820201144456,-0.016003790761199257,0.009114994689877148
20180712,0.2698775534559792,0.016254779314988976,-0.014163389616793432
20180713,0.2839743257614916,0.0023402188840072847,0.00013505565288608642
20180716,0.3240420839539648,6.335251539695683e-05,0.0007990802203253093
20180717,0.30160635392450186,0.0037437914091774296,0.00020028589735922628
20180718,0.39763260491238045,-0.0017889442278644252,0.007220478447823688
20180719,0.3592717213909863,-0.011439322796239082,0.006602644103364411
20180720,0.519236153565477,0.010318154460419834,-0.007224890755449685
20180723,0.7819928408038894,0.00842521000990157,-0.0038328150104860086
20180724,0.6240073421267063,0.02461113933055607,-0.007632846848936206
20180725,0.8214443354233887,0.0049436064682793395,0.0017627178590825191
20180726,0.5154571513718696,0.0017691204618429076,0.009089279032489156
20180727,0.5625560473508149,-0.007466448615049054,0.007004385953805245
20180730,0.7189346259860039,-0.019182320879546508,0.015445084744328715
20180731,0.6686829893604584,0.0026144837939940956,0.004790264861103558
20180801,0.6953504477234982,-0.019031259200209354,0.010200656487190946
20180802,0.655792536908961,-0.03422558161912394,0.022016461086821374
20180803,0.663712678071592,-0.016941579058489486,0.017152969970258197
20180806,0.7971737957295577,-0.02390226453926425,0.016632818946463006
20180807,0.5845575131979324,0.025265074077295332,-0.025329799365392723
20180808,0.6586951219572211,-0.024242154196153432,0.014616609599952157
20180809,0.5057977082425099,0.029824863882821285,-0.0176741301768973
20180810,0.6008712403560662,0.012846111547544137,0.0016959977053481528
20180813,0.4122336115554541,0.006799637761968334,0.002223620936674187
20180814,0.5228205818073065,-0.0002648694334703868,0.0012229776064057096
20180815,0.4190236014950367,-0.0244520498408448,0.017482553870330642
20180816,0.4639861071177834,-0.01136558031715721,0.014969850064180258
20180817,0.5086136071936826,-0.022668078059563116,0.01782397415534687
20180820,0.46111536374717954,0.006249732843363875,-0.002659731556049236
20180821,0.4590196785804841,0.012047013827087826,-0.006830685467948423
20180822,0.4824405901543857,-0.012858535019929025,0.01141437612717584
20180823,0.3830144801213763,0.010028486893080652,-0.0021364330279658923
20180824,0.514060423615329,-0.00141964190357036,0.0046233743630775285
20180827,0.3955482123964351,0.0156713673532844,-0.012351164608321467
20180828,0.34448359028178055,0.0015650932417971615,0.0004867488773836929
20180829,0.48233458711992766,-0.005346920616861685,0.0034710685251969162
20180830,0.43088071184751353,-0.012429404491729558,0.013015480257781637
20180831,0.5141322133531193,-0.012268205751110692,0.006878659325828237
20180903,0.5142222795013216,-0.0023470850197263326,-0.0019575740121503178
20180904,0.4530653147838974,0.01187004544433234,-0.009520338757600064
20180905,0.6887377703944864,-0.009915496639048588,0.011934748715253466
20180906,0.6682454237449731,-0.006163274290039488,-0.0017142954626972473
20180907,0.7427556253833998,0.007278759510427278,0.006011167690969428
20180910,0.6148263819117756,-0.01759429669652505,0.019446563384427466
20180911,0.6395761268217449,7.552401823941725e-06,-0.008868202112110372
20180912,0.7880226892177179,0.0025997297240105445,0.0029319648470710995
20180913,0.391241477532657,0.005431580544096735,-0.008033324296712854
20180914,0.4136123150582447,-0.008268469181750577,0.010089655480425827
20180917,0.41081767812171893,-0.017657577053187847,0.007410492567909477
20180918,0.49408425397579575,0.018934726164143892,-0.012293349322042854
20180919,0.5340207946851875,0.01151406594435032,-0.008032411772117812
20180920,0.685561824547773,-0.0017629598784851715,0.006216214906672716
20180921,0.6318507228363001,0.015107118683364942,-0.004703760625963123
20180925,0.5559896612297571,-0.002149404355026165,0.004733866633895817
20180926,0.579490370466866,0.005708512302262729,-0.0031857523729302895
20180927,0.544502471475433,-0.0214488531049641,0.0214690608568017
20180928,0.5634215808011807,0.010085162090152248,-0.0076495502577858965
20181008,0.7188979549822031,-0.03500645786153748,0.026711842249331666
20181009,0.46173855193630653,0.002470407055340226,-0.004410679599977256
20181010,0.6053016767575419,0.004943579790538137,-0.002643466633361593
20181011,0.5320858050305675,-0.07057035478957922,0.055555284642362195
20181012,0.5813496931058137,-0.011208296942903167,-0.00018370493872399437
20181015,0.9422412710898345,-0.003998351114824314,0.009080189205850865
20181016,0.3712120276494703,-0.011112760971515104,0.011734499617998807
20181017,0.2848274882765579,0.0086558934783469,0.0002173030653641976
20181018,0.29136803206400474,-0.01626197441534178,0.021241514680649134
20181019,0.2673452534415577,0.013627610589473269,-0.007525557440189996
20181022,0.3287647611599195,0.027352390228383882,-0.023316762649485446
20181023,0.2718997744219822,-0.005448094095243006,0.005805216764587954
20181024,0.43507905465473595,0.001941186201144841,0.0021847994265478303
20181025,0.3882503161277933,-0.0069672562637889,0.003154654120282089
20181026,0.33574864532223647,0.00571868794815268,0.002739389319560708
20181029,0.3971995087943934,-0.010505117128227095,0.011865421915039922
20181030,0.36726936233307916,0.007800071499558397,-0.008609408448271448
20181031,0.3654793001120656,0.010678980723092618,-0.0048432677080160885
20181101,0.28066258245830444,0.006093032947701146,-0.0021037693799897863
20181102,0.2591831448521078,0.021255570138667832,-0.013726071479044678
20181105,0.28015541992760684,0.008043107373288508,-0.004962795628407039
20181106,0.32224614005896707,-0.0020268241090877783,0.004567764460403944
20181107,0.5852613041171848,-0.0011328960176145296,-0.0008432343042022353
20181108,0.4900536815397839,-0.0015417393201107895,0.0007699510611184083
20181109,0.6634100258276638,-0.0027042341817806585,0.0036792152219949177
20181112,0.5474685248849427,0.028713914200911274,-0.023874628645113232
20181113,0.530258991027801,0.01863643634169074,-0.01753597907274208
20181114,0.7673706932875607,-0.00017526076096335055,0.0009461041210678983
20181115,0.6556822290928848,0.012673220197454505,-0.01390732943338059
20181116,0.4250234383112236,0.0050182817469808525,-0.013232710982619985
20181119,0.44731981514552166,0.002795885891931153,-0.0027765652506877817
20181120,0.34394387202146276,-0.012304539051791115,0.018523895971881085
20181121,0.3800431555915904,0.001638158039570509,-0.0028979242867146694
20181122,0.37791029057056924,0.0008109423426428752,0.0019165195634705536
20181123,0.42987294177257895,-0.028236550659693684,0.04014696173307727
20181126,0.4290353365543328,-0.004501435438732702,0.0007810829691794391
20181127,0.6253456302339784,0.005167956769583194,-0.006486457530325218
20181128,0.5585288062605134,0.010389221553055447,0.0024676868462620402
20181129,0.462213211912058,-0.017403080936500913,0.024275000897184294
20181130,0.5495311765808937,0.0054305834276634195,-0.00014427773505595745
20181203,0.5985264111180222,0.02694696830431371,-0.02529507525155646
20181204,0.5036179966898348,0.007225121158309747,-0.009379132986196434
20181205,0.5403484855827188,-0.00531918363843557,0.015354962761797344
20181206,0.4982827473113181,-0.013391997177931273,0.021337793697981337
20181207,0.6648933563225912,0.0014030345293526048,0.0026189303982834824
20181210,0.7072429696334397,-0.011313368463505296,0.011822104708714691
20181211,0.694650189629858,0.008306196277495313,-0.01170040785866662
20181212,0.7486008294307932,0.0013219784427353652,0.0025293149596299753
20181213,0.659598421442291,0.008976863357600435,-0.007150153354291408
20181214,0.6670303904282088,-0.027655075956369363,0.028458546939371922
20181217,0.7183989152471522,0.0010873469424525764,-0.002838867232000625
20181218,0.7444690459081481,-0.0020632116470301926,0.010275950675759628
20181219,0.5995327849188725,-0.007788829668704914,0.00982406598882655
20181220,0.5430616403572499,0.006278459295739983,-0.0025207745719117913
20181221,0.49276071921384285,-0.003865768886014504,0.005538626731677752
20181224,0.5792704578611869,0.006267689066497622,-0.007783286898638741
20181225,0.5181136734452194,-0.008716038031411168,0.0024873641283503995
20181226,0.46053351661401093,0.00010831333935082433,0.004673765243235274
20181227,0.7484770550121498,-0.017612658042207626,0.01202294234910104
20181228,0.6400861272714443,0.0030738891331217114,0.002965616567006884
20190102,0.6381603893039021,-0.001887700778670396,-0.00044555322904554485
20190103,0.5256069689657841,-0.0019191672001981235,0.008989443963390065
20190104,0.6729941394080167,0.02390857806454504,-0.015318834046533246
20190107,0.6687910562312283,0.014850471229827841,-0.019501168274165183
20190108,0.43655779760420477,0.0008167872930243802,0.0008040288063321467
20190109,0.4787019875659919,0.004640707522022756,-0.0004717992053588667
20190110,0.5590709672525601,-0.003555226599321763,0.002210787892805743
20190111,0.6183882199179234,0.00768409754512722,-0.0007557828408581741
20190114,0.6220788336220826,-0.007201122991258181,0.0012551722976954051
20190115,0.7454978906493805,0.013123483006614067,-0.005958690415575997
20190116,0.6820260043113919,0.0005649801096436964,0.0057869435737835885
20190117,0.5992097589993411,-0.010613088585043388,0.008887848678053775
20190118,0.6140676174569775,0.009966228538577782,0.011868365015053228
20190121,0.6642452205287412,0.009733004914440626,-0.00047977477685782577
20190122,0.7555175110048539,-0.009693813954520306,0.008005944477511597
20190123,0.6717007239254951,-0.0017066889219394005,-0.003111174063165045
20190124,0.6493344526171149,0.0037867076054288996,-0.0017708497153427793
20190125,0.6237168476802359,-0.010263214944023517,0.010491730563931424
20190128,0.6388263859302468,-0.011156844718789558,0.010625323645865138
20190129,0.7447904431024478,-0.025986119151809855,0.018502637306625495
20190130,0.7583402787172955,-0.016160919673614264,0.022466719551249185
20190131,0.784799028524991,-0.03155712292592679,0.014033535110490724
20190201,0.6785091815266171,0.03482405592517599,-0.021907913403455204
20190211,0.7440237858809495,0.03145468713220335,-0.026850023678892363
20190212,0.5685605713101884,0.020622109831534372,-0.011339990524206211
20190213,0.6746726224883299,0.017434712901242717,-0.012981833507961844
20190214,0.4985158413024367,0.007164644519185587,-0.0071282004854394225
20190215,0.5032654372145453,0.0028698262925169094,0.005122476851912379
20190218,0.5196962833537971,0.034529636193333255,-0.038331020823499554
20190219,0.5371573645205543,0.012902988908442048,-0.0022818102751646957
20190220,0.6198650770211018,0.004402771294167999,-0.00183322742145949
20190221,0.5144662975308085,-0.0016344287298343278,-0.0007512515382717311
20190222,0.539415131614041,0.018807265044910836,-0.018178959490283586
20190225,0.5626706705915878,0.04583521149292499,-0.04827226168070967
20190226,0.6247262627394123,0.002445809870351675,0.008146671848044268
20190227,0.618919116343422,0.0011485898214191313,0.01020127445478916
20190228,0.3770003246743527,0.004343028732673221,0.002675169650239129
20190301,0.39116754992087255,0.002266429100433096,-0.010678227493503062
20190304,0.3910944781105216,0.008955044888143995,-0.015116270677681565
20190305,0.30294489699553495,0.013984587086393238,-0.01833766668694518
20190306,0.3072728787521939,0.012361069130782625,-0.015392570681926716
20190307,0.376879202609972,0.007593166924040113,-0.01047606683372588
20190308,0.3104201769984455,-0.019661529297809968,0.020028228495143043
20190311,0.31283122580818445,0.016549008265413532,-0.010769148053405859
20190312,0.3678026923267048,0.008747909906153744,-0.016410390766227946
20190313,0.31181943995449085,-0.004061742352776531,0.015983974555583504
20190314,0.20065160813676305,-0.00761239090680811,0.02203961319787237
20190315,0.2690726806935584,0.008335457824247128,-0.0018541686276001299
20190318,0.2902960225749623,0.013934017407681238,-0.007403005024298312
20190319,0.27817860864172994,0.0014850341419596215,-0.0030913844818107436
20190320,0.2704744547475084,0.0004091431247360631,-0.0019931852809679435
20190321,0.23865023531573587,0.0038346645963269247,-0.007270515425192736
20190322,0.30041812416823704,0.0033347369412218305,0.0015476419431369969
20190325,0.2751290478552138,-0.00433713453642203,0.007004376233572952
20190326,0.3039286761170915,-0.010933587388946847,0.013972371565549755
20190327,0.3390670549775848,0.003728017622434406,-0.004527803474943909
20190328,0.47567297833205424,-0.0050856418920110814,0.01760823651563775
20190329,0.6333904579383747,0.0241359453766276,-0.014634919955887718
20190401,0.6696106318327443,0.03166659959531253,-0.03508759641162592
20190402,0.5942178995936673,0.004737604495883776,-0.005531795330766131
20190403,0.4765734930337259,0.008160427371143518,-0.0031168117862048505
20190404,0.37888002127651327,0.0021482971499240124,-0.004184603528834777
20190408,0.4029318431098579,-0.001754782360586569,-0.0018957480348950945
20190409,0.5302014360328458,0.006594310107534298,-0.0005582086834929463
20190410,0.6645756863084125,0.0005990673834513046,0.005027902002797669
20190411,0.655906823621907,-0.012093410056501688,0.022755787185968032
20190412,0.7836727315866009,0.0015115979845519844,0.0067005913722447226
20190415,0.7103999031665824,-0.006928506530638402,0.009283463743922095
20190416,0.6050820488642821,0.02347144457950274,-0.019157827695963314
20190417,0.6787634292951674,0.009229544509969127,-0.017812245103041552
20190418,0.7475455908694337,-0.005475792904639257,0.00528800960248692
20190419,0.48039041242361064,0.0064478542583088555,-0.004862995655553397
20190422,0.5914518443575806,-0.010197515676656211,0.016283388148443656
20190423,0.5736511152021644,-0.014207908962914505,0.025661313631874565
20190424,0.675545260996842,0.010122201424190484,-0.010307182480215556
20190425,0.7044762711438538,-0.04183853880247397,0.044885127312993156
20190426,0.6999244450599256,-0.012468651989852239,0.017651404591075778
20190429,0.7837971988480725,-0.03957116575393935,0.04313475999200945
20190430,0.7894432516294321,0.01706474745485283,-0.0004006451747780716
20190506,0.8450300352470704,-0.0676017145150509,0.06872473867191067
20190507,0.7037280640415698,0.01780354514811285,-0.013709253690427175
20190508,0.9990988597689805,0.0022770024193886317,0.005988605901982191
20190509,0.3465887657429315,-0.0029312288079690967,0.008186400258819634
20190510,0.295477409091397,0.01802809292696548,-0.019105711372711658
20190513,0.3026870536326254,-0.005149530315509816,0.000263517583149365
20190514,0.28897974419137185,-0.004168497758423023,0.004322981233145834
20190515,0.3755017829818855,0.010986364759456978,-0.01505770395754058
20190516,0.31238700800687363,0.004585008507176413,-0.00026792107385761676
20190517,0.30362696625236285,-0.02403902677417856,0.015226375640623378
20190520,0.3800400997928022,-0.0020790180532200032,0.010409162804484217
20190521,0.4064274930666055,0.010442741369458889,-0.0043215207450218234
20190522,0.34317533271922596,-0.004787945652799021,0.002654450368179272
20190523,0.2736798228548868,-0.013838423751492707,0.016482121533079708
20190524,0.303715523713315,-0.002084446918450378,0.010212585165595213
20190527,0.31288579707394576,0.013590545502937349,-0.012982203881698316
20190528,0.2712724062443383,0.0005599403297251053,-0.0010166260847804896
20190529,0.3217436451459331,0.0006170950777281291,-0.003581647956730909
20190530,0.34179888795923163,-0.004918217942037249,0.006346749845625716
20190531,0.29946105631868747,-0.0012476582162037405,0.0024308369998444304
20190603,0.45251001283447767,-0.01319093569855264,0.012077513716936663
20190604,0.4603114715388211,-0.011548857727005006,0.018807326390809863
20190605,0.6737741221093926,-0.0008108064985467207,-0.0051922832582846044
20190606,0.6227012061917814,-0.017365478038027397,0.018848078383440898
20190610,0.9050434302451147,0.005984239023830423,-0.017131492461742105
20190611,0.6999605612415769,0.03287108089764627,-0.029761712558386697
20190612,0.5617113279162314,-0.004337254844061486,-0.0006352000699600429
20190613,0.5639415679632973,0.018391695331869164,0.002644532866817083
20190614,0.5657503409923297,-0.022180243584792318,0.027274339808562788
20190617,0.6061383578100601,0.00314020040120212,0.005807069477358991
20190618,0.5841851716764628,0.0008601300363936039,0.007633047304565682
20190619,0.5045260894321444,0.01472170395726573,-0.010138383228940505
20190620,0.4927887736038955,0.015062625164296295,-0.0053167911027719
20190621,0.7584002774451601,0.020527949780446583,-0.01760550405835395
20190624,0.825819702137224,0.000198346816833336,-0.0011484441440845383
20190625,0.6876676293665178,-0.010855006628650249,0.00969858929500026
20190626,0.6620594035039105,0.00045526410869980625,0.012340867195008822
20190627,0.6965431838027794,0.006867913385397175,-0.004643157378462783
20190628,0.7006631271680854,-0.014144927170343099,0.015432988900448865
20190701,0.5873126878367899,0.0322135374685839,-0.02684516435373941
20190702,0.6268179728101649,0.002131358307839198,0.009529841860477813
20190703,0.6157719160706111,-0.011155939182143065,0.011623167409083854
20190704,0.6688662065223062,-0.0038968047089549137,0.008882769119213195
20190705,0.6587784893929505,0.004625279170999404,-0.0009104891067714384
20190708,0.7596382947063456,-0.031936182995705345,0.031139316960553765
20190709,0.698834893314187,0.003103268589649595,-0.000660828908285591
20190710,0.8014133052850181,-0.005943521826747692,0.009496554412541996
20190711,0.7895317229209486,-0.0006714955276272018,-0.0006745138679217025
20190712,0.6511344293340906,0.002334474267693049,0.0020355182470106715
20190715,0.5929520499221008,0.00978809145449293,-0.010350171011616376
20190716,0.6487327068687336,0.005285768743628015,-0.0007390098928743299
20190717,0.6367465422278042,0.0029872752040671015,0.002810684999562381
20190718,0.6319221803793597,-0.016441862209556467,0.01842241681163226
20190719,0.6291128652471996,0.003825895153005268,-0.004787243736808372
20190722,0.6229027182891286,-0.03553532444876571,0.024638405108530253
20190723,0.55407595455559,0.015241261424655568,-0.01589777888953987
20190724,0.7139934675483828,0.012498218127212262,-0.009746799485661203
20190725,0.44313286989097056,0.0017472721468111318,-0.0026977104629601883
20190726,0.4740813180164023,-0.0003396649745937289,0.001429164011498716
20190729,0.5183209458838774,-0.0021859610868598437,-0.004990616718523878
20190730,0.5071811423277162,0.006975053955347878,-4.617552107968658e-05
20190731,0.47032997609082927,-0.006810350802520253,0.0036393125245967307
20190801,0.5683744041778859,-0.0062589634895127795,-0.0010830048008816763
20190802,0.6394883086301939,-0.014086627852139317,0.011882106265314014
20190805,0.4596152382509674,-0.006112379024532269,0.009560294232343718
20190806,0.4582952119237256,-0.026008102872108817,0.011401070738824121
20190807,0.443369962084911,0.0006105750835263947,0.007299635686524625
20190808,0.4647163402295544,0.004978460350603138,-0.0026776838969145636
20190809,0.45880428047537253,-0.008243164948252515,0.008912216037464301
20190812,0.3953844975439866,0.012079673688520259,-0.015881540346568742
20190813,0.40347917809929235,-0.004591439017782987,-0.000554883566499817
20190814,0.44930542927516537,0.005124826708684395,-0.00322415693820934
20190815,0.4264862315390483,0.0022765488829316585,-0.008298978697392713
20190816,0.4042411646735512,0.002530914770291041,-0.002084759083901225
20190819,0.3412461137636425,0.023207296481305945,-0.022045892005789634
20190820,0.3603731249483621,0.0028954364619932413,0.0001140763534548406
20190821,0.7122533458509882,0.0023807512547080203,-0.0027157383497557635
20190822,0.4832988398282927,0.00379555309828735,-0.003082623928488192
20190823,0.6723168383506066,-0.002047968946255395,0.005131449712240967
20190826,0.5414729378161128,-0.009076103222670289,0.003622772239421024
20190827,0.5849823691637452,0.0223794658038332,-0.011062617591399494
20190828,0.5655689361253149,0.0043505681453516135,0.00846695022542022
20190829,0.5260471019854239,-0.0019174319615648857,-0.006298497330163398
20190830,0.6190572169753148,-0.013862655999321665,0.02131368140070736
20190902,0.5730706279068456,0.023327334303818406,-0.025546139181702943
20190903,0.6242391058660962,0.006383199541775795,-0.00824722299008272
20190904,0.6013026428322696,0.010470843693458734,-0.00813435660901251
20190905,0.6494076871250604,0.01069067986924658,-0.008109092228249905
20190906,0.6203939362685239,0.003604642876329416,-8.64228103048965e-05
20190909,0.740789666441094,0.01193176174291754,-0.017404429632876254
20190910,0.41800700022157544,0.002980377742325692,0.001989672580877521
20190911,0.3547586062376905,-0.001873285994317275,0.006972146139603447
20190912,0.34464729889935786,0.003377339123629643,-0.0014240356762965868
20190916,0.3463291002770795,0.0020435399462871364,-0.0026993028012862914
20190917,0.34452339910695107,-0.010447205442896028,0.012563248872909584
20190918,0.31120502083448925,0.0016044083187749718,0.0028667716776958597
20190919,0.42339832017660484,0.0060225726419971615,-0.00648010068417631
20190920,0.402159960887757,0.0011492465540101965,-0.0006550236449074823
20190923,0.47749128582752143,-0.008654553050258088,0.002350774623688417
20190924,0.51744742910831,0.0005739717676680872,-0.00039282509816654403
20190925,0.5817610096432931,-0.014680501850762435,0.02382018123277951
20190926,0.5581733900260587,-0.020463672631828786,0.037617683881710925
20190927,0.6631738308774842,0.007847122413097578,-0.006166798073319514
20190930,0.8648666629239274,-0.00795448543786549,0.019367933138447
20191008,0.651497190165346,0.006659482815528574,0.0015023618920463183
20191009,0.6926516978456542,0.010492574703183979,-0.0077159254548695225
20191010,0.7389381568823858,0.011241901007853872,-0.01738696971713568
20191011,0.7659531263509778,0.0005614761748680029,0.0037352766864069045
20191014,0.6102050708313163,0.01533880005368927,-0.01875025004927921
20191015,0.7067390153459763,-0.013678422243188644,0.017459432101453284
20191016,0.611985361620763,-0.007165086254084413,0.007592884800986284
20191017,0.7417482620750464,-0.002714439523321,0.0023505038904824403
20191018,0.5957914896790181,-0.013762251475405851,0.011074829187375446
20191021,0.586289353698085,-0.0008746095807131118,0.00988164866665722
20191022,0.5250894622745502,0.008855629864275785,-0.010746102356423471
20191023,0.5185476511559409,-0.004717667474459284,0.008431977524082621
20191024,0.43707880969733387,-0.0017586387315089692,0.001960417570111982
20191025,0.4621385590558008,0.004894227776956759,-0.002886931625292399
20191028,0.5313912959899724,0.02184818271311354,-0.013465673041147902
20191029,0.5259543489515601,-0.017927898458676452,0.009821129031099262
20191030,0.6208933254819613,-0.015900352360673383,0.007702252889582817
20191031,0.6350568050270469,-0.010506338549123124,0.01388971105406919
20191101,0.571991076206707,0.00979564340936527,-0.007902716066594127
20191104,0.537605818908538,0.00044931447406435524,-0.007513248492276866
20191105,0.5971289865019226,0.0004753966304049106,-0.0013480957073680184
20191106,0.7296602431307182,-0.009042660661143339,0.010963163073378008
20191107,0.6094190673198538,0.006187558545630379,-0.010475054006884855
20191108,0.5826229656571645,-0.001618618225361148,0.0067866476203944865
20191111,0.5799489955633128,-0.029152762150972653,0.021740486236533213
20191112,0.5366569723264608,0.003746226004248099,-0.005772462397838563
20191113,0.6232991325005364,-0.0038473131719027045,0.002185029913490187
20191114,0.44389842619491754,0.005703882286223136,-0.006071895970539367
20191115,0.4557947654175323,-0.008380252597114278,0.014115341879008711
20191118,0.48434444602396515,0.006510762914194901,-0.007176248315104177
20191119,0.4378904942067745,0.015476833676943946,-0.01369938949243497
20191120,0.4064812159179929,-0.0046114785398502795,0.004753535425133447
20191121,0.567720809178595,0.0004955080888226559,0.0032244694807770707
20191122,0.6000742442546956,-0.004914684691804523,0.01780939400826163
20191125,0.503065133160961,-0.00038270557683629596,0.013946657611327315
20191126,0.5099596489380157,-0.0020115178456801344,-0.0015142131550596259
20191127,0.6096775718770511,-0.0024376970346493745,-0.002157330705626849
20191128,0.4814289443929626,-0.0020470694735151003,0.003697759390889443
20191129,0.520700246352056,0.001373334207217736,0.0021678073822164194
20191202,0.45033508806083244,0.001243899640145667,-0.004515204876631428
20191203,0.5457946981609422,0.00726676748058193,-0.002531943913525019
20191204,0.6207040097602139,0.0021322898597491615,-0.0009242417053984226
20191205,0.5158881874228314,0.009682474817363295,-0.01246311642923176
20191206,0.5355773284371483,0.0063616461038923005,-0.007641905274940064
20191209,0.5144370724563083,0.0027757743202474123,-0.004581971341258916
20191210,0.6563393920946032,0.0016510224904294972,-0.016789916780658214
20191211,0.6067772978898633,-0.0021254067071118715,0.005245366436077607
20191212,0.5715026126151722,-0.003140996894389951,0.0022656848545575866
20191213,0.6598724835277007,0.012781792663646194,-0.007547204536815755
20191216,0.635240749672815,0.015713133028519375,-0.028601024382079284
20191217,0.6205473911987202,0.01414345795871756,-0.011477159160428676
20191218,0.5323729323997217,0.0015194547102399746,-0.00814660384180811
20191219,0.6470120791270367,0.005383449213242581,0.0015367052539414874
20191220,0.4679199285823331,-0.006075436298480509,0.008891259838913023
20191223,0.4700465250134158,-0.01654815356527016,0.020500344753677565
20191224,0.5724547333974337,0.009236751572786174,-0.015680754218638942
20191225,0.7095293991903238,0.0021721756503618587,-0.010347939027184835
20191226,0.6990256491025407,0.0050146449368609815,-0.010140257236840252
20191227,0.7342191779503904,-0.001427203458535194,0.011160207200821842
20191230,0.5132416122593755,0.004600942068293119,0.004838379998207853
20191231,0.5059814549747801,0.006965634429265176,-0.0022540899256360517
20200102,0.5291199936988245,0.011829588729001788,-0.02394795166515501
20200103,0.44894682500037214,0.0038719294935191323,-0.002229746371528215
20200106,0.4144216044707879,0.0030040801433303447,-0.00841443290445843
20200107,0.382338555910375,0.009067157341174371,-0.008570685363506574
20200108,0.37769255771860644,-0.009293193261237837,0.01037045738535408
20200109,0.3456786972676304,0.009724975866852222,-0.009856655793372589
20200110,0.5056396164317292,0.0007540688741027565,0.007886201753805241
20200113,0.44117289868384396,0.005232375467630819,-0.014205158159805383
20200114,0.4033637809831097,0.00032694244150106595,0.0009503411633967269
20200115,0.3973401141146363,-0.004370357006135599,0.0029466695518485333
20200116,0.40539587389403803,-0.002951724152930578,-0.00112946616522487
20200117,0.43606269894227895,-0.0038110366568005877,0.0034847138944613014
20200120,0.5112704549694146,0.007203241404977297,-0.01248967346092932
20200121,0.5425379241230435,-0.011214431666519921,0.014413542671353868
20200122,0.6070475364859302,-0.00307513742890756,-0.010892844349732441
20200123,0.64856107213161,-0.03814003458233928,0.03239454144818478
20200203,0.6201404166263572,-0.09785997876583806,0.08122337689953738
20200204,0.6273968416735861,-0.02527988251121448,-0.037831592964945565
20200205,0.9148441479798629,0.019831894058622408,-0.030541262871480186
20200206,0.4920959483538853,0.01782445230330633,-0.0334770192019273
20200207,0.3418684057077267,0.010454736269827946,-0.0025981210513668805
20200210,0.4269702594325503,0.02094217838369134,0.004862569981543858
20200211,0.4511710593687427,0.0006140425454489386,0.0209699977070827
20200212,0.41492769243956384,0.012915044030735094,-0.02397096124493067
20200213,0.42132407021142815,-0.009389275703057368,0.012371663476870675
20200214,0.3218390926275599,0.002107894777603849,0.005560404960803781
20200217,0.3812068171155826,0.031820500404320336,-0.02775807988268288
20200218,0.35092684748249237,0.01609199163854969,-0.022471802740031452
20200219,0.47096221224959245,-0.00052631448815344,0.018249565088354302
20200220,0.41067470547401863,0.021090905575191093,-0.013039330670912543
20200221,0.44708997048204524,0.008033385139464376,-0.020724014448654706
20200224,0.3890182694168036,0.004028507051933672,-0.027882193307708827
20200225,0.46500007610240307,-0.01233521644650336,-0.018591530315542632
20200226,0.4754740379396919,0.0021697828324618697,0.0523048827099398
20200227,0.4765453989178973,0.0047428837813597,0.010542522468171823
20200228,0.5450650466514988,-0.05486084632795758,0.047574873502749304
20200302,0.5854908132777854,0.040984208092594294,-0.03814061084241534
20200303,0.6443234273918017,0.01113124975713093,-0.012083131219080336
20200304,0.5747585561203405,0.014722072739402087,0.00229615504454172
20200305,0.5964561814549549,0.024082096856267988,-0.014554541349204779
20200306,1.0202931305596934,0.0007022574312210646,3.0443636560000833e-05
20200309,0.5964036896745017,-0.014335377216256934,0.022131134143205163
20200310,0.3641060827770722,0.00746711668117099,-0.012764657566174014
20200311,0.6263962811855015,-0.008053589937295982,0.012520148817811303
20200312,0.4849614390111143,-0.01598926514306245,0.01649760289572212
20200313,0.556492771212203,-0.014719203020361178,0.011374982911714708
20200316,0.5690745748845505,-0.034747625957783156,0.046999281520776634
20200317,0.5431775481933123,-0.0038206990846406173,0.005767153597997821
20200318,0.702075748770943,-0.014295482758742099,0.02013209728589977
20200319,0.5521567840853667,0.005848965176092814,-0.006991365372014851
20200320,0.5936031574766976,0.011310383473118978,-0.006468523150633071
20200323,0.43541488680899904,-0.03704150891493919,0.03613641804604623
20200324,0.5048828451513886,0.020267686577035975,-0.0034173767118987194
20200325,0.625563824959836,0.021662244259289497,-0.013995194280719948
20200326,0.37186675015773457,-0.009301004484842097,0.010601012398130102
20200327,0.438078054984959,-0.007097953317352268,0.006023040816864604
20200330,0.47700374412437535,-0.026008322406838157,0.00906156355778758
20200331,0.4674810544298106,-0.001278375961156653,-0.0019157607437919535
20200401,0.5175397665928101,0.002381807107293252,0.011911622698955246
20200402,0.6465537187461545,0.03050098092475528,-0.012769171257904182
20200403,0.5763162448225634,-0.006569988116060483,-0.0019714090417074464
20200407,0.3680285283508444,0.02619326763949528,-0.025898965076660972
20200408,0.4352270599103469,0.004629698799882659,0.0035788360743037426
20200409,0.3729503278211246,0.0067334456181444395,-0.003914982997068484
20200410,0.4368596239369667,-0.020363208847375833,0.01947275566586105
20200413,0.6725455140808104,-0.006637197152689441,0.009160144678566379
20200414,0.7332673232171807,0.017289986842372554,-0.01235012406755571
20200415,0.47258457536067927,-0.0037433220435118433,0.004860228819278602
20200416,0.5366653239587826,0.004687643838274814,-0.0009724936534447456
20200417,0.5800817601200626,0.0012457536465784506,0.007488554190356283
20200420,0.7896023129497081,0.009223323613230795,-0.019623054736911474
20200421,0.6642134667285677,-0.005267903263969963,0.0024230502716546527
20200422,0.6126293377868534,0.008447389300175684,-0.01138255116781057
20200423,0.6248080681235992,-0.01027297850232252,-0.0030252700827938265
20200424,0.5884940446059027,-0.020892743189585002,0.028881189474031975
20200427,0.702735189443872,-0.007572125250303581,0.012679440837319528
20200428,0.6330057123551236,-0.027267955067451596,0.01988996839215629
20200429,0.6549248791781392,-0.0011597294054822153,0.01102007302898305
20200430,0.6700691599593733,0.026994244286265935,-0.006640390733006904
20200506,0.5945347359320845,0.018687290667515292,-0.01662287365347965
20200507,0.8230992731628852,-0.005751414367060205,0.0015055052453191685
20200508,0.6529009727941539,0.01034705827137938,-0.009857216998241863
20200511,0.571180704375472,-0.0016152059366436012,-0.0021093004221215774
20200512,0.49723726755543046,-0.005971827489738791,-0.004574519405789973
20200513,0.5621945832301212,0.004863297268162957,-0.007860410074683874
20200514,0.5023482206178373,-0.01133735358931963,0.004369585151378428
20200515,0.5514576564284619,-3.081796490790743e-05,-0.005971060509042402
20200518,0.5098857511878908,-0.007879515981264481,0.003413623104513486
20200519,0.5930353523145729,0.006107340841579487,-0.022523358324788058
20200520,0.6294527346370385,-0.007452491411668005,0.014953968809054983
20200521,0.45856626812363194,-0.008660746875638836,0.0144505037635199
20200522,0.5668695419158465,-0.015295163387773493,0.022134830114664942
20200525,0.599400982211071,-0.002472715176813436,0.0003499302764696084
20200526,0.5771541700392427,0.022052140903737676,-0.02503740083897322
20200527,0.5808195757509854,-0.0020185095053997385,0.0010830922579030777
20200528,0.509466143730839,-0.004694150572878983,0.008421554509817106
20200529,0.5531238385903748,0.007131453608533155,-0.0075321667702486
20200601,0.5692089377129963,0.029925059693508865,-0.03237309052750176
20200602,0.6285330250047936,0.00922043744122215,0.010375714924157585
20200603,0.6218729586805196,0.003522744099274756,-0.004989950608310879
20200604,0.7313050136421542,0.0027301957589687138,0.0006099836904547299
20200605,0.602070986490168,0.001957793886903059,0.006607109418538684
20200608,0.6559609698419315,0.00032288668314762965,0.010025053756676613
20200609,0.6396353143711073,0.004732862800634966,-0.004507908972106701
20200610,0.6018281689159792,-0.003905112771485203,-0.0012225449604593044
20200611,0.5441817157523536,-0.0032142374760184577,0.002607946283420103
20200612,0.5859103177310503,-0.0012514033744363893,-0.01115468058332214
20200615,0.584364243288171,0.0009747594654729041,0.000251661565762956
20200616,0.5530462579998128,0.01599611302628886,-0.02094723660759663
20200617,0.6795845739995312,0.005676810464166073,-0.0035978018417302643
20200618,0.5325386191047059,0.002654014830275418,0.01323515827603746
20200619,0.700811512574346,0.004309010282111952,-0.007179968397747512
20200622,0.5907978803639555,0.004891447130027853,-0.00043187793002102514
20200623,0.6195203395029542,-0.00385024369142726,-0.005474471962134785
20200624,0.6703828074308062,-0.004038958308579523,0.005246885446279359
20200629,0.5786393442864972,-0.005572418393301178,0.0007510532425206934
20200630,0.5540628066242819,0.011915368411266818,-0.021287663264167124
20200701,0.6139523873718105,0.007106367935832224,-0.004036773749566318
20200702,0.5809629965708507,0.015679556858549916,-0.00650662439121126
20200703,0.5310086902174278,0.013790346780402732,-0.0048074784666063
20200706,0.5858894588070482,0.033040694981902125,-0.03455363452915234
20200707,0.5242025278913253,0.009294549986706724,-0.018922135521297238
20200708,0.58995614807332,0.014605879664848016,-0.021422512445396582
20200709,0.45261853913741174,0.019759171831112334,-0.022810785751581242
20200710,0.44911437726968145,-0.004666469874468665,-0.0014877772425309081
20200713,0.40837112924325814,0.020009843232698502,-0.01716185436583701
20200714,0.44366187503946686,-0.0010222011974671287,0.011113945856575687
20200715,0.37389729747383627,-0.011686664933516359,0.01814955564322405
20200716,0.3652849178099551,-0.02262717867050214,0.032669478199507815
20200717,0.44294118296287366,-4.44727183753041e-05,0.0023253935348300963
20200720,0.5265406675410154,0.024611701005338483,-0.02577391599286351
20200721,0.5255741932380441,0.0055341436798731596,-0.0044852279806094075
20200722,0.4385982618055463,0.0032476721112797554,-0.008608642413526314
20200723,0.39582583269273913,-0.0044142024936801244,-0.00735145710234011
20200724,0.38329429789587194,-0.026210821064520003,0.03522176749642366
20200727,0.39098804839446116,-0.0016423160031422243,0.00012405989540134935
20200728,0.5732893149338157,0.012004526261373482,-0.005733605097781493
20200729,0.5037423961347571,0.02159596068048905,-0.029615946111994574
20200730,0.46692511298619455,-0.004059592723112606,-0.006838989530779761
20200731,0.44866471531602614,0.008780516828595234,-0.01577807558753243
20200803,0.41511623307598644,0.021340739406443952,-0.02881254709253655
20200804,0.42276503425529166,-0.002503618366547803,0.014904474261937448
20200805,0.39548686078183654,0.004057283989762874,-0.01454077873164348
20200806,0.44041700889402924,-0.0012443560517103253,0.0015924801920222853
20200807,0.5332182889442456,-0.015478090175519574,0.0013986697582640691
20200810,0.5261253780859917,0.012100682438043544,0.007220038380024122
20200811,0.5378686697809336,-0.01833714870770675,0.024211404348473707
20200812,0.6086711184118383,-0.006005754986168737,0.02077420993119268
20200813,0.6284493060676583,0.0058387892710654084,-0.0010584603363514035
20200814,0.6234555656203398,0.009222297104582831,0.002171460324209208
20200817,0.5890694086890887,0.020688497759788645,-0.024050527741634277
20200818,0.6811180697756223,0.00809375325016479,-0.015163763219423742
20200819,0.6881354549540353,-0.012692436347136796,0.018409200978080766
20200820,0.5260787139943776,-0.006698822376839645,0.019987859129435823
20200821,0.7019250829153347,0.007479274298694351,-0.0045278934161597974
20200824,0.6740264545361173,0.009607280139696372,-0.005401053341112884
20200825,0.6233603949208781,0.0017526860096328993,0.009764963315789415
20200826,0.7128145205654466,-0.02145151968437502,0.024113987194074926
20200827,0.8210757829136894,0.009053975924656753,-0.00971454522720849
20200828,0.7079604241761407,0.01270889956282144,-0.005321356635438231
20200831,0.617499951219943,0.00010500921170021077,-0.007347196027215727
20200901,0.5736228349920613,0.0019146198511284568,-0.010374518949404153
20200902,0.6684358702313585,0.0020223675488112297,-0.010944479709694768
20200903,0.571339157031904,-0.008826200741717565,0.018197925993186394
20200904,0.6167376134568674,-0.00023176271783128632,-0.0021060298291150385
20200907,0.6463272490047571,-0.016715484914203545,0.003493626894503036
20200908,0.6071115121240029,0.004521347378016647,-0.018946500323665377
20200909,0.6092739040654547,-0.026438132328577914,0.04345137761306446
20200910,0.6219792327068797,-0.024322156127622816,0.08232786003366344
20200911,0.6965042381845483,0.01586883835750053,-0.019251382305646877
20200914,0.7709017139780004,0.007732786713095814,-0.032031453651201275
20200915,0.6821002086085381,0.007145321187661173,0.005369141750277136
20200916,0.6273896058943234,-0.00937570930762099,0.004534880785632843
20200917,0.4884299742879643,0.003412586862789209,-0.00047708028315173275
20200918,0.4927547074801475,0.016950925038625053,-0.003273360631091325
20200921,0.45765620666092705,0.001271027408062429,0.0012322853355299468
20200922,0.5236771562507426,-0.015094714268539797,0.01694483785319838
20200923,0.5330804765032549,0.006368368495644116,-0.010254179768882665
20200924,0.5180734875168738,-0.022147574257708736,0.03977639623165095
20200925,0.4732684954523682,-0.003163268599788084,0.006790689868494882
20200928,0.6164216964121763,-0.010354641546150957,0.01462108227634314
20200929,0.5611907441575755,0.007309609260372738,-0.008762865407366807
20200930,0.6390966129095643,-0.0016217106849624851,-0.0019285371285857273
20201009,0.45782192516108416,0.019988514757726044,-0.03282767418464203
20201012,0.42828731797768516,0.021681832955468248,-0.028010129990397065
20201013,0.5046753496866085,0.001762331289957385,-0.008701011268532729
20201014,0.6010594360703496,-0.008475588635669218,0.0008391964988908046
20201015,0.6363251754614114,-0.008131969744110937,0.022603140140250572
20201016,0.6277080690880068,-0.0010568876165317148,-0.00128871677168309
20201019,0.6862367455011544,-0.002499506595837099,0.003460650757402064
20201020,0.59530636422954,0.011128028278164559,-0.011761991749044147
20201021,0.7370847660865878,-0.013128786975782613,0.016843445455419388
20201022,0.9380907754105028,-0.003568675156777038,0.006098636681198348
20201023,0.6939869210724656,-0.013243380890046506,0.026466170788039235
20201026,0.6517626915973673,-0.001287172489048732,-0.008020602037364757
20201027,0.6835474036573386,0.0014056510756144836,-0.0024533077688450133
20201028,0.6212193846539027,0.00038643861649282046,-0.00937024486865001
20201029,0.6015108979947605,-0.0024916915881482895,0.005496591883994473
20201030,0.5885651530423185,-0.025552963170354867,0.028959913003546115
20201102,0.5736038438873019,-0.003505194461375227,-0.01785091092898088
20201103,0.5905024206235181,0.022755351743268513,-0.004643383739015706
20201104,0.5334818743398153,-0.004660191365389953,0.0028964065761663887
20201105,0.5644276258703788,0.017794436474154626,-0.02429896071735804
20201106,0.5090238676202883,-0.008654903130628123,0.024394692414432696
20201109,0.5570053222497268,0.024712059342955634,-0.021134185108671922
20201110,0.589246507341632,-0.005936630086770258,0.019054386221293747
20201111,0.5270119491373795,-0.010827613320187699,0.02721622047116496
20201112,0.6386075181445321,0.0007731743001028711,-0.005569737698480019
20201113,0.7313872596105515,-0.0002884522763647253,0.0002905090269147678
20201116,0.49853003776301197,0.0053561354556718776,-0.013806483218775248
20201117,0.5374812634158139,-0.009665194499130779,0.0034694909709709126
20201118,0.6046514986163629,0.0034736491886265494,-0.004870714679904453
20201119,0.541045678587661,0.00873830913906626,0.0037888743173742547
20201120,0.510818049113132,0.003614137248340906,-0.010784103888996241
20201123,0.4873440484791796,0.00036461061093598536,-0.010751386696024039
20201124,0.5245373933059448,-0.001426035755293145,-0.0005193434952244806
20201125,0.5222024588723605,-0.011742871067791339,0.02388416616756646
20201126,0.5214889218517966,-0.004771111719514333,0.011121850045593192
20201127,0.5801424218014954,-0.0008061679760602488,0.005298043336221161
20201130,0.5379431667776345,-0.002123662711415903,0.003661638101261376
20201201,0.5606091624120042,0.01754839766787969,-0.011987734184240224
20201202,0.568820999289597,0.0019601728498636053,0.0015419118746725449
20201203,0.6383327593386682,0.0021685491912695797,0.011314948542576643
20201204,0.6660245431144995,0.0013817460646268855,-0.002391904459411135
20201207,0.5841076172641773,-0.00678749274826027,0.0030454674057023147
20201208,0.5503533802004876,-0.00013250841888919667,0.003709514772876003
20201209,0.5744470221476352,-0.02330148662871531,0.01238836734778271
20201210,0.6068442155004135,-0.001504130975169638,0.003751127921997186
20201211,0.6510461448522376,-0.01955534149442895,0.01367218603205158
20201214,0.5968354195667241,0.009657416134781271,-0.00680444031797392
20201215,0.6398954449154706,0.002474003943684856,0.0036624753115085925
20201216,0.6063325896285945,-0.01775274540696523,0.00674944824084703
20201217,0.5701853087705666,0.01167946705692049,-0.0068537431695086075
20201218,0.6128079357552492,-0.00652837477793063,0.0002230550944089981
20201221,0.5576383440769321,0.006365864681205259,-0.020112512934051207
20201222,0.5417209411572826,-0.021139689739149026,0.013329088147050161
20201223,0.5002947705617617,-0.002200803860693338,-0.020415535928054257
20201224,0.5636611460538339,-0.021088140443931987,0.010895772148372134
20201225,0.44880377789399767,0.008979623341588644,-0.009641591570941736
20201228,0.4510510376096185,-0.013921768255947127,-0.0034611547758620184
20201229,0.47044739125078827,0.007913463231011964,0.025159471612966843
20201230,0.43710478139569714,8.799244865471275e-05,-0.01537399744197567
20201231,0.45619378894151874,0.01325175801108791,-0.009631609685566775
